"Cognome,""Città"",""Regione"",""Stato"",""Eta"",""fascia_eta"",""Sesso"",""Prodotto"",""Colore"",""Tipologia"",""Mese"",""Anno"",""Vendita"",""Quantità"",""Incasso"""
"Rossi,""Roma"",""Lazio"",""Italia"",""14"","">18"",""Donna"",""Alba"",""Rosso"",""Borsa"",""Gennaio"",""2023"",""1"",""2"",""60"""
"Ambra,""Parigi"",""Île-de-France"",""Francia"",""45"",""36-55"",""Donna"",""Alba"",""Nero"",""Borsa"",""Gennaio"",""2023"",""49"",""2"",""60"""
"Zaffiri,""Madrid"",""Comunità di Madrid"",""Spagna"",""63"",""< 55"",""Donna"",""Alba"",""Rosso"",""Borsa"",""Febbraio"",""2023"",""50"",""1"",""50"""
"Gialli,""Berlino"",""Brandeburgo"",""Germania"",""56"",""< 55"",""Donna"",""Isa"",""Nero"",""Borsa"",""Maggio"",""2023"",""5"",""1"",""50"""
"Neri,""Marsiglia"",""Provenza"",""Francia"",""50"",""36-55"",""Donna"",""Isa"",""Nero"",""Borsa"",""Giugno"",""2023"",""29"",""1"",""30"""
"Viola,""Madrid"",""Comunità di Madrid"",""Spagna"",""24"",""18-25"",""Donna"",""Stella"",""Blu"",""Borsa"",""Luglio"",""2023"",""7"",""2"",""80"""
"Marroni,""Monaco"",""Baviera"",""Germania"",""17"","">18"",""Donna"",""Stella"",""Blu"",""Borsa"",""Agosto"",""2023"",""31"",""2"",""60"""
"Blu,""Barcellona"",""Catalogna"",""Spagna"",""53"",""36-55"",""Donna"",""Alba"",""Giallo"",""Borsa"",""Settembre"",""2023"",""9"",""3"",""135"""
"Rosa,""Barcellona"",""Catalogna"",""Spagna"",""26"",""26-35"",""Donna"",""Alba"",""Giallo"",""Borsa"",""Ottobre"",""2023"",""33"",""3"",""90"""
"Celesti,""Berlino"",""Brandeburgo"",""Germania"",""16"","">18"",""Donna"",""Luna"",""Rosso"",""Borsa"",""Novembre"",""2023"",""11"",""1"",""45"""
"Azzurri,""Barcellona"",""Catalogna"",""Spagna"",""60"",""< 55"",""Donna"",""Luna"",""Rosso"",""Borsa"",""Dicembre"",""2023"",""35"",""1"",""45"""
"Neri,""Monaco"",""Baviera"",""Germania"",""34"",""26-35"",""Donna"",""Isa"",""Verde"",""Borsa"",""Gennaio"",""2024"",""13"",""2"",""100"""
"Grigi,""Berlino"",""Brandeburgo"",""Germania"",""19"",""18-25"",""Donna"",""Isa"",""Verde"",""Borsa"",""Febbraio"",""2024"",""37"",""2"",""60"""
"Diamanti,""Parigi"",""Île-de-France"",""Francia"",""22"",""18-25"",""Donna"",""Stella"",""Verde"",""Borsa"",""Dicembre"",""2024"",""47"",""1"",""30"""
"Zaffiri,""Madrid"",""Comunità di Madrid"",""Spagna"",""63"",""< 55"",""Donna"",""Alba"",""Nero"",""Borsa"",""Gennaio"",""2025"",""25"",""2"",""90"""
"Rossi,""Roma"",""Lazio"",""Italia"",""14"","">18"",""Donna"",""Jimmy"",""Blu"",""Porta telefono"",""Marzo"",""2023"",""26"",""1"",""50"""
"Neri,""Marsiglia"",""Provenza"",""Francia"",""50"",""36-55"",""Donna"",""Jimmy"",""Giallo"",""Porta telefono"",""Aprile"",""2023"",""4"",""2"",""100"""
"Marroni,""Monaco"",""Baviera"",""Germania"",""17"","">18"",""Donna"",""Jimmy"",""Rosso"",""Porta telefono"",""Giugno"",""2023"",""6"",""3"",""150"""
"Gialli,""Berlino"",""Brandeburgo"",""Germania"",""56"",""< 55"",""Donna"",""Jimmy"",""Rosso"",""Porta telefono"",""Luglio"",""2023"",""30"",""3"",""120"""
"Rosa,""Barcellona"",""Catalogna"",""Spagna"",""26"",""26-35"",""Donna"",""Jimmy"",""Verde"",""Porta telefono"",""Agosto"",""2023"",""8"",""1"",""40"""
"Viola,""Madrid"",""Comunità di Madrid"",""Spagna"",""24"",""18-25"",""Donna"",""Jimmy"",""Verde"",""Porta telefono"",""Settembre"",""2023"",""32"",""1"",""30"""
"Azzurri,""Barcellona"",""Catalogna"",""Spagna"",""60"",""< 55"",""Donna"",""Jimmy"",""Nero"",""Porta telefono"",""Ottobre"",""2023"",""10"",""2"",""100"""
"Blu,""Barcellona"",""Catalogna"",""Spagna"",""53"",""36-55"",""Donna"",""Jimmy"",""Nero"",""Porta telefono"",""Novembre"",""2023"",""34"",""2"",""80"""
"Grigi,""Berlino"",""Brandeburgo"",""Germania"",""19"",""18-25"",""Donna"",""Jimmy"",""Blu"",""Porta telefono"",""Dicembre"",""2023"",""12"",""3"",""150"""
"Celesti,""Berlino"",""Brandeburgo"",""Germania"",""16"","">18"",""Donna"",""Jimmy"",""Blu"",""Porta telefono"",""Gennaio"",""2024"",""36"",""3"",""150"""
"Neri,""Monaco"",""Baviera"",""Germania"",""34"",""26-35"",""Donna"",""Jimmy"",""Giallo"",""Porta telefono"",""Marzo"",""2024"",""38"",""1"",""50"""
"Diamanti,""Parigi"",""Île-de-France"",""Francia"",""22"",""18-25"",""Donna"",""Jimmy"",""Blu"",""Porta telefono"",""Ottobre"",""2024"",""22"",""2"",""80"""
"Ambra,""Parigi"",""Île-de-France"",""Francia"",""45"",""36-55"",""Donna"",""Jimmy"",""Giallo"",""Porta telefono"",""Dicembre"",""2024"",""24"",""3"",""150"""
"Bianchi,""Milano"",""Lombardia"",""Italia"",""22"",""18-25"",""No gender"",""Luna"",""Verde"",""Borsa"",""Aprile"",""2023"",""27"",""3"",""90"""
"Turchesi,""Roma"",""Lazio"",""Italia"",""58"",""< 55"",""No gender"",""Stella"",""Nero"",""Borsa"",""Marzo"",""2024"",""15"",""3"",""90"""
"Arancioni,""Monaco"",""Baviera"",""Germania"",""40"",""36-55"",""No gender"",""Stella"",""Nero"",""Borsa"",""Aprile"",""2024"",""39"",""3"",""120"""
"Rubini,""Parigi"",""Île-de-France"",""Francia"",""14"","">18"",""No gender"",""Isa"",""Rosso"",""Borsa"",""Settembre"",""2024"",""21"",""3"",""105"""
"Cristalli,""Marsiglia"",""Provenza"",""Francia"",""30"",""26-35"",""No gender"",""Stella"",""Verde"",""Borsa"",""Novembre"",""2024"",""23"",""1"",""40"""
"Bianchi,""Milano"",""Lombardia"",""Italia"",""22"",""18-25"",""No gender"",""Jimmy"",""Blu"",""Porta telefono"",""Febbraio"",""2023"",""2"",""1"",""30"""
"Arancioni,""Monaco"",""Baviera"",""Germania"",""40"",""36-55"",""No gender"",""Jimmy"",""Giallo"",""Porta telefono"",""Febbraio"",""2024"",""14"",""1"",""50"""
"Turchesi,""Roma"",""Lazio"",""Italia"",""58"",""< 55"",""No gender"",""Jimmy"",""Rosso"",""Porta telefono"",""Maggio"",""2024"",""40"",""2"",""100"""
"Rubini,""Parigi"",""Île-de-France"",""Francia"",""14"","">18"",""No gender"",""Jimmy"",""Blu"",""Porta telefono"",""Novembre"",""2024"",""46"",""2"",""100"""
"Cristalli,""Marsiglia"",""Provenza"",""Francia"",""30"",""26-35"",""No gender"",""Jimmy"",""Giallo"",""Porta telefono"",""Gennaio"",""2025"",""48"",""3"",""120"""
"Verdi,""Parigi"",""Île-de-France"",""Francia"",""27"",""26-35"",""Uomo"",""Luna"",""Verde"",""Borsa"",""Marzo"",""2023"",""3"",""3"",""90"""
"Argentati,""Milano"",""Lombardia"",""Italia"",""20"",""18-25"",""Uomo"",""Alba"",""Blu"",""Borsa"",""Maggio"",""2024"",""17"",""1"",""40"""
"Dorati,""Roma"",""Lazio"",""Italia"",""17"","">18"",""Uomo"",""Alba"",""Blu"",""Borsa"",""Giugno"",""2024"",""41"",""1"",""40"""
"Perla,""Madrid"",""Comunità di Madrid"",""Spagna"",""39"",""36-55"",""Uomo"",""Luna"",""Giallo"",""Borsa"",""Luglio"",""2024"",""19"",""2"",""120"""
"Corallo,""Milano"",""Lombardia"",""Italia"",""27"",""26-35"",""Uomo"",""Luna"",""Giallo"",""Borsa"",""Agosto"",""2024"",""43"",""2"",""100"""
"Smeraldi,""Marsiglia"",""Provenza"",""Francia"",""57"",""< 55"",""Uomo"",""Isa"",""Rosso"",""Borsa"",""Ottobre"",""2024"",""45"",""3"",""90"""
"Verdi,""Parigi"",""Île-de-France"",""Francia"",""27"",""26-35"",""Uomo"",""Jimmy"",""Giallo"",""Porta telefono"",""Maggio"",""2023"",""28"",""2"",""100"""
"Dorati,""Roma"",""Lazio"",""Italia"",""17"","">18"",""Uomo"",""Jimmy"",""Rosso"",""Porta telefono"",""Aprile"",""2024"",""16"",""2"",""60"""
"Corallo,""Milano"",""Lombardia"",""Italia"",""27"",""26-35"",""Uomo"",""Jimmy"",""Verde"",""Porta telefono"",""Giugno"",""2024"",""18"",""3"",""120"""
"Argentati,""Milano"",""Lombardia"",""Italia"",""20"",""18-25"",""Uomo"",""Jimmy"",""Verde"",""Porta telefono"",""Luglio"",""2024"",""42"",""3"",""90"""
"Smeraldi,""Marsiglia"",""Provenza"",""Francia"",""57"",""< 55"",""Uomo"",""Jimmy"",""Nero"",""Porta telefono"",""Agosto"",""2024"",""20"",""1"",""40"""
"Perla,""Madrid"",""Comunità di Madrid"",""Spagna"",""39"",""36-55"",""Uomo"",""Jimmy"",""Nero"",""Porta telefono"",""Settembre"",""2024"",""44"",""1"",""50"""